Account Id, 1st LoR, 2nd LoR, 500 Word Writing Sample, High School Transcript, Opportunity Id, 1st LoR, 2nd LoR, 500 Word Writing Sample, High School Transcript 
0013h00000J7Cv1AAF,false,false,true,true,0063h0000099XcyAAE,true,true,true,true
0013h00000J7Cv1AAF,false,false,true,true,0063h00000FktmCAAR,false,false,false,false
0013h00000J7aGtAAJ,false,false,true,true,0063h0000099XkfAAE,false,true,true,true
0013h00000J7gEYAAZ,false,false,false,false,0063h0000099Xx0AAE,false,false,false,true
0013h00000J7hq7AAB,false,false,false,false,0063h0000099Y2ZAAU,false,false,false,true
0013h00000J7mBoAAJ,false,false,false,false,0063h0000099YGMAA2,false,false,false,true
0013h00000J7mrZAAR,false,false,false,false,0063h0000099YINAA2,true,false,false,true
0013h00000J7ouOAAR,false,false,false,false,0063h0000099YVxAAM,false,false,false,true
0013h00000J7w4CAAR,false,false,false,false,0063h0000099ZDHAA2,false,false,false,true
0013h00000J7xuUAAR,false,false,false,false,0063h0000099ZEUAA2,true,false,false,true
0013h00000J8ENOAA3,false,false,false,false,0063h0000099ZX6AAM,true,true,false,true
0013h00000J8OyQAAV,false,false,false,false,0063h0000099a7KAAQ,true,false,false,true
0013h00000J9PdMAAV,false,false,false,false,0063h0000099cdIAAQ,true,false,false,true
0013h00000J9S7MAAV,false,false,false,false,0063h0000099cnfAAA,true,false,false,false
0013h00000JA4XnAAL,false,false,false,false,0063h0000099dZ5AAI,true,true,false,true
0013h00000KO03kAAD,false,false,false,false,0063h000009VozmAAC,true,false,false,true
0013h00000KO0GzAAL,false,false,false,false,0063h000009Vp74AAC,false,false,false,true
0013h00000KO1jWAAT,false,false,false,false,0063h000009VpfVAAS,true,false,false,true
0013h00000KO1k4AAD,false,false,false,false,0063h000009VpfyAAC,true,false,false,false
0013h00000KO1mGAAT,false,false,false,false,0063h000009Vpi0AAC,false,false,false,true
0013h00000KO2ZqAAL,false,false,false,false,0063h000009Vpx9AAC,false,false,true,true
0013h00000KO3D5AAL,false,false,false,false,0063h000009Vq5ZAAS,false,false,false,true
0013h00000KO3DMAA1,false,false,false,false,0063h000009Vq5lAAC,false,false,false,true
0013h00000KO3DNAA1,false,false,false,false,0063h000009Vq5mAAC,false,false,false,true
0013h00000KO3ETAA1,false,false,false,false,0063h000009Vq6nAAC,true,true,false,true
0013h00000KO3PlAAL,false,false,false,false,0063h000009VqCbAAK,true,true,true,true
0013h00000KO3QWAA1,false,false,false,false,0063h000009VqD8AAK,true,true,false,true
0013h00000KO3fUAAT,false,false,false,false,0063h000009VqJKAA0,false,false,false,true
0013h00000KO3hbAAD,false,false,false,false,0063h000009VqKvAAK,false,false,false,true
0013h00000KO3mCAAT,false,false,false,false,0063h000009VqMnAAK,true,false,false,true
0013h00000KO3mYAAT,false,false,false,false,0063h000009VqN4AAK,false,false,false,true
0013h00000KO4y3AAD,false,false,false,false,0063h000009VqnqAAC,true,false,false,false
0013h00000KO500AAD,false,false,false,false,0063h000009VqpdAAC,false,false,false,true
0013h00000KO5DLAA1,false,false,false,false,0063h000009VqvmAAC,false,false,false,true
0013h00000KPeBYAA1,false,false,false,false,0063h000009VwALAA0,true,false,false,true
0013h00000KPeBhAAL,false,false,false,false,0063h000009VwAUAA0,true,false,false,true
0013h00000KPecBAAT,false,false,false,false,0063h000009VwGiAAK,true,true,false,true
0013h00000KPenvAAD,false,false,false,false,0063h000009VwM2AAK,false,false,false,true
0013h00000KPeo1AAD,false,false,false,false,0063h000009VwM8AAK,true,false,false,false
0013h00000KQEwkAAH,false,false,false,false,0063h000009VxtGAAS,true,false,false,true
0013h00000KQEyNAAX,false,false,false,false,0063h000009VxuuAAC,false,false,false,true
0013h00000KQWqYAAX,false,false,false,false,0063h000009VypUAAS,false,false,false,true
0013h00000KQn2QAAT,false,false,false,false,0063h000009Vzj9AAC,false,false,false,true
0013h00000KQon7AAD,false,false,false,false,0063h000009W00AAAS,false,false,false,true
0013h00000KQsz4AAD,false,false,false,false,0063h000009W0KCAA0,true,false,false,true
0013h00000KRFFbAAP,false,false,false,false,0063h000009W1huAAC,false,false,false,true
0013h00000KRH5MAAX,false,false,false,false,0063h000009W1muAAC,true,false,false,false
0013h00000KRSuWAAX,false,false,false,false,0063h000009W1wjAAC,true,false,false,false
0013h00000KnCgYAAV,false,false,false,false,0063h000009W21eAAC,true,false,false,true
0013h00000KnDNXAA3,false,false,false,false,0063h000009W2BLAA0,true,true,false,true
0013h00000KnawaAAB,false,false,false,false,0063h000009W2RAAA0,true,true,false,true
0013h00000Knmj7AAB,false,false,false,false,0063h000009W2lIAAS,true,false,false,true
0013h00000KnnVpAAJ,false,false,false,false,0063h000009W2oWAAS,true,false,false,true
0013h00000Knpx9AAB,false,false,false,false,0063h000009W2u6AAC,false,false,false,true
0013h00000KnrWmAAJ,false,false,false,false,0063h000009W2xhAAC,false,false,false,true
0013h00000KnrzzAAB,false,false,false,false,0063h000009W2z0AAC,false,false,false,true
0013h00000KnsBvAAJ,false,false,false,false,0063h000009W30MAAS,true,false,false,false
0013h00000KnsC0AAJ,false,false,false,false,0063h000009W30RAAS,true,false,false,true
0013h00000Knu1jAAB,false,false,false,false,0063h000009W39nAAC,false,false,false,true
0013h00000Ko10iAAB,false,false,false,false,0063h000009W3UGAA0,false,false,false,true
0013h00000Ko4TPAAZ,false,false,false,false,0063h000009W3aFAAS,true,true,false,true
0013h00000Ko4mBAAR,false,false,false,false,0063h000009W3axAAC,false,false,false,true
0013h00000Ko4mQAAR,false,false,false,false,0063h000009W3bCAAS,false,false,false,true
0013h00000Ko4mbAAB,false,false,false,false,0063h000009W3bNAAS,true,false,false,true
0013h00000Ko5kaAAB,false,false,false,false,0063h000009W3cyAAC,true,true,false,true
0013h00000Ko6eiAAB,false,false,false,false,0063h000009W3gWAAS,true,false,false,true
0013h00000KoFjmAAF,false,false,false,false,0063h000009W3mjAAC,true,false,false,true
0013h00000KoH7GAAV,false,false,false,false,0063h000009W3oBAAS,false,false,false,true
0013h00000KoX82AAF,false,false,false,false,0063h000009W3zyAAC,false,false,false,true
0013h00000KoY5wAAF,false,false,false,false,0063h000009W40qAAC,false,false,false,true
0013h00000KpDdxAAF,false,false,false,false,0063h000009W5FiAAK,false,false,false,true
0013h00000KpOMyAAN,false,false,false,false,0063h000009W5byAAC,false,false,false,true
0013h00000KpR43AAF,false,false,false,false,0063h000009W5rSAAS,true,false,false,true
0013h00000KpjhxAAB,false,false,false,false,0063h000009W6gmAAC,false,false,false,true
0013h00000KpozWAAR,false,false,false,false,0063h000009W72AAAS,false,false,false,true
0013h00000Kpr6hAAB,false,false,false,false,0063h000009W7CFAA0,false,false,false,true
0013h00000Kpr8YAAR,false,false,false,false,0063h000009W7CjAAK,true,false,false,false
0013h00000KptISAAZ,false,false,false,false,0063h000009W7KiAAK,false,false,false,true
0013h00000Kpu7rAAB,false,false,false,false,0063h000009W7QXAA0,true,false,false,true
0013h00000KpyI7AAJ,false,false,false,false,0063h000009W7VXAA0,true,false,false,false
0013h00000KpziKAAR,false,false,false,false,0063h000009W7Z5AAK,false,false,false,true
0013h00000KqFtlAAF,false,false,false,false,0063h000009W7xZAAS,false,false,false,true
0013h00000KqOrsAAF,false,false,false,false,0063h000009W8ExAAK,true,true,false,true
0013h00000KqafBAAR,false,false,false,false,0063h000009WAjGAAW,true,true,false,true
0013h00000KqsXRAAZ,false,false,false,false,0063h000009WBGSAA4,false,false,false,true
0013h00000KqxLcAAJ,false,false,false,false,0063h000009WBTqAAO,true,false,false,true
0013h00000M1bW3AAJ,false,false,false,false,0063h0000099p10AAA,true,false,false,true
0013h00000M1bqlAAB,false,false,false,false,0063h0000099p0vAAA,false,false,false,true
0013h00000M1d85AAB,false,false,false,false,0063h0000099p5CAAQ,false,false,false,true
0013h00000M1m8EAAR,false,false,false,false,0063h0000099pZMAAY,false,false,false,true
0013h00000M1mAUAAZ,false,false,false,false,0063h0000099pZWAAY,false,false,false,true
0013h00000M1mrdAAB,false,false,false,false,0063h0000099pajAAA,false,false,false,true
0013h00000M1p2nAAB,false,false,false,false,0063h0000099pcQAAQ,false,false,false,true
0013h00000M1phgAAB,false,false,false,false,0063h0000099pcuAAA,false,false,true,true
0013h00000M2nO0AAJ,false,false,false,false,0063h0000099rcAAAQ,true,true,false,true
0013h00000M2oFgAAJ,false,false,false,false,0063h0000099rfJAAQ,false,false,false,true
0013h00000M3AkGAAV,false,false,false,false,0063h0000099sCbAAI,true,true,false,true
0013h00000M3CQeAAN,false,false,false,false,0063h0000099sKDAAY,false,false,false,true
0013h00000M3DKQAA3,false,false,false,false,0063h0000099sNCAAY,true,true,false,true
0013h00000M3FleAAF,false,false,false,false,0063h0000099sa1AAA,false,false,false,true
0013h00000M3MfGAAV,false,false,false,false,0063h0000099skzAAA,false,false,false,true
0013h00000M47VzAAJ,false,false,false,false,0063h0000099tLCAAY,false,false,false,true
0013h00000M48iBAAR,false,false,false,false,0063h0000099tSNAAY,false,false,false,true
0013h00000OzCS3AAN,false,false,false,false,0063h0000099vnAAAQ,true,true,false,true
0013h00000OzCS3AAN,false,false,false,false,0063h000009W709AAC,false,false,false,true
0013h00000OzuGKAAZ,false,false,false,false,0063h000009A2XBAA0,false,false,false,true
0013h00000P0U4JAAV,false,false,false,false,0063h000009A3bIAAS,true,false,false,true
0013h00000P0ZGDAA3,false,false,false,false,0063h000009A3xlAAC,true,false,false,true
0013h00000P0ZxcAAF,false,false,false,false,0063h000009A3yKAAS,true,false,false,true
0013h00000P1SFkAAN,false,false,false,false,0063h000009A4VUAA0,true,true,false,true
0013h00000P1VWfAAN,false,false,false,false,0063h000009A4aoAAC,false,false,false,true
0013h00000P1byrAAB,false,false,false,false,0063h000009A4sIAAS,true,false,false,true
0013h00000P1i5UAAR,false,false,false,false,0063h000009A55fAAC,true,false,false,true
0013h00000P22SSAAZ,false,false,false,false,0063h000009ADQ2AAO,false,false,false,true
0013h00000P2wZqAAJ,false,false,false,false,0063h000009AFKCAA4,false,false,false,true
0013h00000Qy0d9AAB,false,false,false,false,0063h000009AHPaAAO,true,true,false,true
0013h00000Qy0wjAAB,false,false,false,false,0063h000009AHPuAAO,false,false,false,true
0013h00000Qy343AAB,false,false,false,false,0063h000009AHSeAAO,false,true,false,true
0013h00000QyqLSAAZ,false,false,false,false,0063h000009AIvgAAG,true,true,false,true
0013h00000Qz2n6AAB,false,false,false,false,0063h000009AJ6ZAAW,true,false,false,true
0013h00000QzoEFAAZ,false,false,false,false,0063h000009AKbCAAW,true,false,false,true
0013h00000R0ghpAAB,false,false,false,false,0063h000009ALCnAAO,true,false,false,true
0013h00000SIk9AAAT,false,false,false,false,0063h000009ALpnAAG,false,false,false,true
0013h00000SIoYdAAL,false,false,false,false,0063h000009AM3vAAG,true,false,false,false
0013h00000SIokiAAD,false,false,false,false,0063h000009AM32AAG,true,false,false,true
0013h00000SIpcyAAD,false,false,false,false,0063h000009AM8MAAW,true,true,false,true
0013h00000SIt9RAAT,false,false,false,false,0063h000009AMCxAAO,false,false,false,true
0013h00000SJZx0AAH,false,false,false,false,0063h000009AOQcAAO,false,false,false,true
0013h00000SJb09AAD,false,false,false,false,0063h000009AOSiAAO,false,false,false,true
0013h00000SJn58AAD,false,false,false,false,0063h000009APGOAA4,false,false,false,true
0013h00000SKIWnAAP,false,false,false,false,0063h000009AQBGAA4,true,true,false,true
0013h00000SLK0cAAH,false,false,false,false,0063h000009AR6CAAW,true,false,false,false
0013h00000SLzTgAAL,false,false,false,false,0063h000009AS7qAAG,false,false,false,true
0013h00000Sm3HeAAJ,false,false,false,false,0063h000009ATdcAAG,true,true,false,true
0013h00000TIeFwAAL,false,false,false,false,0063h000009AX3qAAG,true,true,false,true
0013h00000TIqAFAA1,false,false,false,false,0063h000009AXkXAAW,true,false,false,false
0013h00000TIqVJAA1,false,false,false,false,0063h000009AXlLAAW,false,false,false,true
0013h00000TJCyMAAX,false,false,false,false,0063h000009AYsSAAW,true,true,false,true
0013h00000TJCyNAAX,false,false,false,false,0063h000009AYsTAAW,false,false,false,true
0013h00000TbfADAAZ,false,false,false,false,0063h000009AahlAAC,false,false,false,true
0013h00000Tbg7PAAR,false,false,false,false,0063h000009AalAAAS,false,false,false,true
0013h00000TbsWhAAJ,false,false,false,false,0063h000009AbMuAAK,true,false,false,false
0013h00000Tc60uAAB,false,false,false,false,0063h000009AbuOAAS,false,false,false,true
0013h00000Tc62sAAB,false,false,false,false,0063h000009AbuiAAC,false,false,false,true
0013h00000TcFtzAAF,false,false,false,false,0063h000009AcJLAA0,false,false,false,true
0013h00000TcHcBAAV,false,false,false,false,0063h000009AcMKAA0,true,true,false,true
0013h00000Tcs1NAAR,false,false,false,false,0063h000009Vqk5AAC,false,false,false,true
0013h00000Tcs1YAAR,false,false,false,false,0063h000009VpQdAAK,false,false,false,true
0013h00000Tcs2CAAR,false,false,false,false,0063h000009VqinAAC,false,false,false,true
0013h00000Tcs2OAAR,false,false,false,true,0063h00000GUin6AAD,false,false,false,false
0013h00000Tcs2aAAB,false,false,false,false,0063h000009VpfiAAC,false,false,false,true
0013h00000Tcs2cAAB,false,false,false,false,0063h000009VqCrAAK,false,false,false,true
0013h00000Tcs2iAAB,false,false,false,false,0063h0000099c0FAAQ,false,false,false,true
0013h00000Tcs2kAAB,false,false,false,false,0063h000009Adh5AAC,true,false,false,false
0013h00000Tcs2qAAB,false,false,false,false,0063h000009VwBaAAK,false,false,false,true
0013h00000Tcs3CAAR,false,false,false,false,0063h000009VwEyAAK,false,false,false,true
0013h00000Tcs3DAAR,false,false,false,false,0063h000009VwAfAAK,false,false,false,true
0013h00000Tcs3kAAB,false,false,false,false,0063h000009VqM5AAK,true,false,false,true
0013h00000Tcs3mAAB,false,false,false,false,0063h000009VwLUAA0,false,false,false,true
0013h00000Tcs3pAAB,false,false,false,false,0063h000009AdhYAAS,false,false,false,true
0013h00000Tcs4bAAB,false,false,false,false,0063h000009VozJAAS,true,false,false,false
0013h00000Tcs5JAAR,false,false,false,false,0063h000009VqnOAAS,true,false,false,true
0013h00000Tcs5RAAR,false,false,false,false,0063h000009AdiNAAS,true,false,false,true
0013h00000Tcs5XAAR,false,false,false,false,0063h000009W0PNAA0,true,false,false,true
0013h00000Tcs5eAAB,false,false,false,false,0063h000009AFXGAA4,true,false,false,false
0013h00000Tcs5gAAB,false,false,false,false,0063h000009ADjdAAG,false,false,false,true
0013h00000Tcs5kAAB,false,false,false,false,0063h000009W1IpAAK,true,false,false,true
0013h00000Tcs5sAAB,false,false,false,false,0063h000009AHQ9AAO,true,true,false,true
0013h00000Tcs5xAAB,false,false,false,false,0063h0000099sqnAAA,true,false,false,true
0013h00000Tcs69AAB,false,false,false,false,0063h000009A2XGAA0,false,false,false,true
0013h00000Tcs6CAAR,false,false,false,false,0063h000009W8DGAA0,false,false,false,true
0013h00000Tcs6DAAR,false,false,false,false,0063h000009VwAQAA0,false,false,false,true
0013h00000U9nR5AAJ,false,false,false,false,0063h000009AhtYAAS,true,false,false,true
0013h00000UWvfZAAT,false,false,false,false,0063h00000CLIuNAAX,false,false,false,true
0013h00000UgMMLAA3,false,false,false,false,0063h000009AmiPAAS,false,false,false,true
0013h00000UgMhuAAF,false,false,false,false,0063h000009Amj8AAC,false,false,false,true
0013h00000WEfeqAAD,false,false,false,false,0063h00000CmusoAAB,false,false,true,false
0013h00000YWp5BAAT,false,false,false,false,0063h00000Co4DIAAZ,false,false,true,false
0013h00000fhX6LAAU,false,false,false,false,0063h00000DFvPRAA1,false,false,false,true
0013h00000hBlQUAA0,false,false,false,false,0063h00000DHuSIAA1,false,false,false,true
0013h00000kWkdlAAC,false,false,false,false,0063h00000DCqFiAAL,false,false,true,true
0013h00000qj4g9AAA,false,false,false,false,0063h00000DoPf1AAF,false,false,false,true
0013h00000tui3nAAA,false,false,false,false,0063h00000ERXXNAA5,false,false,false,true
0013h00000uNlqSAAS,false,false,false,false,0063h00000ESffFAAT,false,false,false,true
0013h00000vIyx6AAC,false,false,false,false,0063h00000EYLGfAAP,false,false,true,false
0013h00000xRPNfAAO,false,false,false,false,0063h00000EecfSAAR,false,false,true,true
0013h00000yBsWOAA0,false,false,false,false,0063h00000Escv4AAB,false,false,false,true
0013h00000zaPCiAAM,false,false,false,false,0063h00000Evf0YAAR,false,false,true,true
0013h000016YcKeAAK,false,false,false,false,0063h00000FlBGnAAN,false,false,true,true
0013h000018Mp1vAAC,false,false,false,true,0063h00000FlguDAAR,false,false,true,true